uuid,longitude,latitude,brand,post_code
005056ba-7cb6-1ed2-bceb-662ba1a94d1f,13.68212,52.55016,STAR,15345
29cd2450-3240-4728-a066-ded2af0dc5c3,8.62513,48.205814,TOTAL,78661
3bfab341-1f1e-49e0-8c32-bc77ca730e57,7.339435,51.4940224,ARAL,44892
3f1057c6-aeb9-44d8-9914-645c8b3b410d,7.226107,50.439823,TOTAL,56651
4947beb1-79b7-4f23-85f9-24fcd739bb57,9.359395,50.760316,ESSO,36304
546328f4-c71a-4060-932c-4cf4262b7f89,7.310707,49.346274,ESSO,66424
9692de0f-978c-4cba-8251-5044dbc08ce8,8.906409,50.055484,Shell,63110
d82d5bde-f83a-4a90-a489-93056fd582c7,10.195588,49.51036,Shell,97215
dc6c295d-097c-4eef-b495-7bbc32963f3a,9.808221,48.520185,Shell,89191
01a2529b-da12-40db-9e07-8a6646b54ddb,7.248117,53.065052,Wiro,26899
02250cd9-cb98-480f-91b8-8d98acf95b47,12.1781359,47.8029556,ARAL,83101
043bb7dc-ce40-4740-b713-2d5251a4cd24,8.611304,49.224458,Shell,76709
046fe959-53dd-4a2b-8fc1-c81f2e58df07,8.568982,49.163156,Shell,76694
04bc3f09-f43f-42f2-84f8-4904e3bd9e6c,10.2468702,49.7794436,Agip,97355
05b7ea0f-825a-4aa6-a0a1-ff6ebcd579de,7.790957,48.30663,TOTAL,77972
06846ac7-9a84-4661-b522-e09ed38b0524,9.63081,48.60742,OMV,73344
08e6ba44-8144-4a8a-99d2-906d272de382,10.92685,49.58264,OMV,91074
0947c43c-cbd6-4eca-9e6f-26d2bbc825ed,6.748377,49.299797,TOTAL,66740
0b2c3c64-11d9-426e-aff5-faf5d36c70e3,8.9874325,51.49861,AVIA,34474
0c399803-d48b-4005-8046-84c18d20477d,9.305063,48.692939,Shell,73770
0cc158fa-506b-43a7-9411-2c7c6110d9cb,9.672773,54.364226,Shell,24791
0d3898c2-4f84-4c16-bee8-bd1497be4afd,6.775694,50.92856,TOTAL,50226
0d86c9f2-3327-4bee-8ccc-a5bef904e9e6,7.21984,50.806998,Shell,53721
0dd06e02-cc81-4e26-b6c3-f2f16984ad51,11.023815,52.233096,Agip,38350
1042903a-07d9-47e1-b0ff-c2f26a059c19,8.353899,50.095349,Shell,65207
12574585-2468-4f7e-9253-4a1638090d42,8.5519073,49.6443884,ESSO,64653
130c575c-63d6-4d3f-8ebe-f9749572db74,7.666416,50.4419174,ARAL,56203
14cf85ec-61c2-4ed1-87c1-0804578d12ba,10.96747,49.30635,OMV,91126
14e62a62-8610-47a6-b4c5-c3870a62e15e,12.183966,51.607216,,06794
14f87ee1-100a-4935-ab53-050521e2c3df,12.16821,49.84278,ESSO,92670
15485197-8268-4e30-a57d-335d96e44ddd,12.844964,52.390854,TOTAL,14542
16c28c8d-8ee1-4e60-84bd-74e3d33b4745,8.66542,52.07419,Westfalen,32107
172b299d-eb01-49e4-b7e0-ea94e7918661,11.773599,50.404203,Shell,95180
17628250-aad8-41f4-a964-2c900c0e77e1,8.361877,50.621251,Shell,35630
18985f58-a305-4501-814d-5a782fce03bb,8.388195,52.197221,Shell,49328
193514d9-dc20-41bb-b5a4-a1fa8fc31716,10.051422,52.127678,Shell,31174
193cdf46-69f7-4038-a719-e9ecc86a310f,11.204004,49.356167,ESSO,90537
1aee2002-6a09-4178-8225-f5708ad237ab,7.213609,51.2964017,ESSO,42279
1dc2594f-0d9c-4669-bf90-d46ebeee0bc2,9.558103,52.422163,Shell,30823
1dcc1799-1c56-4ee1-9765-7d0ff76fa7f9,9.5173,51.26417,ARAL,34523
1e5a6f9f-9409-4a4e-bd4d-a2316907ee58,10.8439121,50.7265129,ESSO,98716
1f5990e6-e8cd-4f65-8725-27177ae7d47c,11.422756,51.433049,ESSO,06542
204b51ec-04d9-40c8-9758-4e3c3e40a157,12.308158,51.41359,TOTAL,04158
20b08cda-cca1-44b3-9131-6ac64f3b15d9,6.940677,50.643637,ESSO,53359
21006633-2054-4a48-8e4e-93fdf8b6cb85,6.214729,50.816684,Shell,52249
213e33be-8b98-4a3f-8f52-fec1edbb6403,8.543546,49.893008,Shell,64572
21b3655f-33ab-4499-9558-f7c76ae61014,10.24849,48.13931,BayWa,87727
2253355b-a09f-4fa6-a878-343027f9f8ef,10.589821,50.911293,Shell,99880
23d55b09-ecf3-467d-b844-d8e608cd517c,8.9062868,48.615013,ESSO,71154
24dd70fb-bd65-4983-a384-dd5d2cb42628,12.093344,48.96048,AVIA,93080
2617b945-a09e-4b43-81f3-e369a3b2229a,14.9020958,51.2256737,ARAL,02923
27e20ecc-4d1a-4417-9f7a-03b5f6ea87b4,7.176633,51.770947,Shell,45721
2876edd7-61e8-406a-95bc-b8824eae464f,8.910415,50.055465,Shell,63110
28aa3448-0026-4025-a738-cdc1ffee6183,9.688128,52.69403,ESSO,29690
2c730738-ecf1-4c5a-ae22-bc17275c306a,10.2473,48.13699,Shell,87727
2d9f96ce-bb12-4612-8848-1166331b81bb,8.293023,49.645831,ESSO,67551
302612ff-6421-4749-8494-251cc4465e92,9.983412,53.111374,SHELL,29646
3069e34b-35a2-4017-9014-81a0e34a7dc8,7.768829,49.963322,Shell,55442
309578ac-93ab-4256-a03b-a4b6f523b855,10.263028,53.95912,Shell,23795
30d973f4-2f76-4136-8998-29f4ad96886a,9.662873,50.712895,Shell,36151
30fbdf6e-b6a8-438d-a648-fd7f2ce1d24c,8.773606,48.90759,AVIA,75223
310f168c-842e-48e2-8903-ee671ab0deb3,7.851099,50.448033,ESSO,56410
32e98bcd-567e-4b4a-86c4-0ac4674c6c5c,13.561522,52.378422,ESSO,12529
35c3d559-275b-4fd5-aef7-ef4f82e687ab,9.414425,49.323248,Agip,74259
36855c57-20be-445b-9b66-47549854a7ca,8.220895,53.045828,Shell,26203
36acb0fa-16b3-4630-a2c4-83991d975ba6,11.5996628,49.2729802,ESSO,92355
377135d5-98f7-46dd-be83-28caeb55a098,9.526144,50.38755,ARAL,36381
3786e71d-2c37-47ff-b8fb-408fbc6d2dee,10.8458109,50.72531,ARAL,98716
3a480e76-c521-4808-b0e5-de6573945ae1,10.2829952,47.8464179,ESSO,87463
3b173ffb-3380-4f34-a86c-aa233c5b5a86,8.351786,50.096322,ESSO,65207
3d84a4cd-9186-47e7-88ac-091acd643ec9,12.751706,52.131002,Shell,14823
3db8ca9d-41dd-4f54-9f2c-647010e64413,11.7567377,53.9089775,ARAL,23992
3f7bad4c-8e6b-4c6c-955d-6bbca6e0593e,10.806413,53.520846,Shell,23899
40edd54a-ce65-48ca-bae8-8aae9d6ba181,10.877964,53.814617,Shell,23923
41fac4d7-2961-483f-b806-e8f719f25992,6.513663,51.237328,Shell,47877
429655e0-fc8a-46dc-936d-fad566d539ec,10.033637,48.459504,ESSO,89081
43e10559-62e3-462a-a137-50d71269681f,9.177942,53.0908852,ARAL,27367
446bdcf5-9f75-47fc-9cfa-2c3d6fda1c3b,11.609,48.336795,Agip,85376
4525cfca-7ed0-473c-add5-4ad165a93135,11.401837,47.928612,Shell,82335
453929ee-69d2-47b5-a771-45343c15cb06,12.310146,52.252791,Shell,14793
459e0874-000b-4897-8f18-51e4c7e0d15e,6.943759,50.643792,Shell,53359
47193e30-7bb6-4e0a-95e8-0301b7f28f16,9.096218,49.239606,ESSO,74906
480c43fa-436c-426f-b258-5a850473676d,12.17859,49.83588,ARAL,92670
4817c6f7-4629-4e7b-b554-66b25734c6e5,11.490633,50.0373459,ARAL,95512
48fd469f-e85b-46cb-a3a0-a54361a362ca,9.937974,53.717743,TOTAL,25451
4b1ef3ea-b716-46da-8727-04c21c2db248,8.130183,48.752618,Shell,77815
4bd203b6-55da-44aa-ab20-6671c382bae7,12.70785,48.931488,ESSO,94336
4c0bc233-287b-4beb-8593-f397fb8d5132,10.112394,48.122839,Shell,88451
8396b61f-7523-4a1f-a37c-a4dce082967b,6.747277,51.635494,TOTAL,46569
51e58aff-9b1b-4658-b851-a1a9d12a6c09,7.2145047,51.295914,AVIA,42287
52d4f76d-2246-48da-ab22-1ee2861ea01f,12.78139,52.15923,ESSO,14822
52f4a226-c1b3-4edf-a86d-3095eb693662,8.2348,50.301362,Shell,65520
533abf42-a618-4d18-802e-fabdf0429269,13.025497,52.302112,Shell,14552
573b9379-cb29-4606-af9b-60147ad5fa7e,11.8504045,50.8707696,ESSO,07629
579f0f1f-8a3c-4f83-9d3a-8c3c50184fb6,13.704688,52.883316,TOTAL,16244
5921f0cf-19b9-4d2c-87e4-0d6313e237bd,10.260458,53.9601746,ARAL,23795
5bbbc668-2641-463a-b644-b0bc1235edd9,7.7649356,49.9644606,ESSO,55442
5cbc7a54-2728-424c-b903-aee8d613aa8d,9.736406,50.4183,Shell,36148
5cce71d0-01cf-4f51-97c3-63518fbf24b8,8.949254,49.96977,TOTAL,64832
5dcca5a7-6bf7-4dd9-a2c6-730eb84c1897,11.35461,49.041074,Shell,91171
5f15116e-d29a-43b3-b705-2ca0b47b9e23,12.709074,51.261111,Shell,04668
5f46e240-a8b6-439c-b10b-511ab9b0f46a,12.2878094,53.8399429,ARAL,18276
5fa45995-f9ef-4a1b-5073-939212785e3a,8.50045,53.054712,SCORE,27777
60151d01-4dae-4c81-853e-ecdd40f16011,10.912778,48.412052,TOTAL,86169
61666b41-b5e1-46cc-8e20-435395e3cd90,12.94213,50.893639,Shell,09244
6234376e-4763-4fbb-8cb9-ffea18de21bd,11.956584,51.103175,Shell,06721
628d1482-faae-499a-8679-3f87f8c471f1,11.40197,47.92858,OMV,82335
631df570-0876-4d52-82bc-1676d16fb25e,7.19913,52.52767,ARAL,49835
651f445a-acf9-6f19-e100-00000630df04,12.662623,52.950509,Agip,16818
6583a9bc-0324-4334-aa6c-d3b703f8db97,8.450643,50.056812,ESSO,65439
67198b93-a74a-4176-af63-c466e2a7b0f2,12.85539,52.75454,ARAL,16833
68f118d5-1cd9-47cc-977f-0a04702cf2f4,6.632284,51.312638,Shell,47809
6b27c529-6599-4fb3-b44a-12fff7144118,8.11299,52.5432,AVIA,49451
6fce5ae3-c3aa-43ff-a871-01e5fb754022,11.731673,47.89164,Shell,83607
703a3fdd-3f76-4df1-a7cd-2fe5baab479d,13.929543,51.570737,Shell,01994
7140c191-a186-4d9a-9ad3-55f03a0a230e,11.262227,49.160892,TOTAL,91161
71749dcb-21a5-4fe0-baae-f3c7ace852f7,10.1940194,48.984486,ESSO,73479
72a94850-f9a9-4039-88cd-beb3bd3fad3d,12.131758362136,47.733530063332,Agip,83088
74544d7e-3a2f-4193-942b-ac91a0af2cc7,11.8485484,50.8707019,ESSO,07629
74a06794-4452-4315-9dea-d137c63a3df2,12.752934,52.134226,Shell,14823
76649333-ff54-4855-b84b-e04c5bfcbd13,11.76034,48.12396,Agip,85622
7680f289-4b92-4982-a52e-2b77be93c3b2,10.75619,54.071205,AVIA,23730
7814b72a-2e49-41a4-b956-1e647bf06b9f,11.798814301434,50.430218727929,Agip,07927
798520bd-8f78-4721-80de-bc3ecdf01d1c,10.8079042,48.4190521,ARAL,86368
79d4d66e-7531-4dbf-b8e4-95db6e8dc1d5,10.3522,49.24149,TOTAL,91589
7b108c42-e52f-4156-b4bd-1bee05290b7a,7.224669,50.44179,TOTAL,56651
7b66bafe-a348-4e27-9e3b-137caf8fa197,7.720247,47.970418,Shell,79227
7bf0b93a-647c-4175-8c05-cf6b6a612ea4,12.2012,47.6136,OMV,83088
7c55129a-77db-4139-9969-0cdc91328ea4,9.564183,52.421511,Shell,30823
7c8c0a4f-f59c-509e-8ec0-f5c140376928,11.62695789337,53.38033294678,Hoyer,19306
7d2ee702-8e3d-4de6-94ac-5ebc6680c0ad,9.86459,52.33206,TOTAL,30539
82119d5d-775f-42af-ac56-000d7c91413f,6.8917528,51.3255079,ESSO,40883
82259e74-6f30-4d3f-a474-ab6143670187,9.576259,50.83062,ARAL,36273
84b6d4fd-4d37-41c8-9637-0a57aafe48ce,8.37158,51.86591,ARAL,33334
85a803cc-60ad-4de4-b0e0-7c5b31a896a2,6.885957,51.539923,Shell,46242
8660a6dd-c30a-47e9-ab0f-98a386a91b2a,8.0734093,49.5273535,ESSO,67319
8672c7fd-d10f-44da-8d45-ed827fe532bb,8.290209,49.646758,Shell,67551
86e7b9ca-31bb-4bda-af12-20f5384504dc,12.591565,47.828765,ESSO,83346
870064d3-b728-4e28-842c-df5d745860b5,9.067223,50.952343,BFT,34630
875e170c-e18d-4450-bbe2-4cf2f610e49a,10.878649,53.815883,Shell,23923
877b21e5-a5f0-4d63-9979-039818867d14,6.795773,51.12398,TOTAL,41542
8810e2cb-e936-479e-9680-68059c829db9,9.882686,50.26512,AVIA,97795
884f8246-0371-482c-87b4-e8a7db97389c,11.20201,49.36051,OMV,90537
886f637a-74e2-478d-9810-5a04fab74e92,13.562697,52.377499,ESSO,12529
8a03e576-e8da-4bb3-b5a6-9db702c56e31,10.3574,49.24252,Agip,91589
8a29ef02-dffc-4e50-a4d9-6f40569fdb96,8.895367,50.622389,Shell,35305
8a84213b-486a-4983-b19e-6d529145eb2e,13.70189,52.88303,TOTAL,16244
8b561d44-e79a-43d3-8008-794a2f7d0e1c,11.72574,53.367523,TOTAL,19372
8b5e52ac-30e7-441d-8319-7c6eb2a20c50,11.1971855,50.949642,TOTAL,99198
8c0ba54b-a30b-45cb-a49a-798681d0783c,9.288884,53.1934166,ARAL,27404
8e1e6928-5911-45f9-83b4-06a8b2be9d12,6.215605,50.818208,Shell,52249
8e6ff792-a0fb-49d3-98aa-e388ca33dcb4,11.732994,53.367237,TOTAL,19372
8eafa212-6827-4ca5-9b74-8b99578c332a,6.879227,50.069438,Shell,54533
8f2ff955-82b7-4327-b94f-964494dd8ea9,12.9028864,47.76679,ARAL,83451
90b7110e-4054-41a4-87b6-515ab765caf9,8.591861,49.747066,Shell,64665
9106947e-ee6d-47a4-b6ba-c9dcf9fbe4ad,11.4557495,52.183716,TOTAL,39343
9175efb9-e2d7-479a-a2a8-a9b3201d5d07,6.9000268,49.6897008,ESSO,54421
926a0634-ca96-4c3f-aba6-4e3095a33090,9.729374,49.62207,Shell,97947
92f659f2-6416-4474-b09f-80acc57d40e5,12.8526287,52.7533226,ARAL,16833
940056f9-084f-45a2-a563-0140ac6dd89e,10.5040979,53.8235779,ARAL,23858
940491c7-e306-4ad8-9661-9932606368c6,8.61092,49.2609,Freie,68789
951425a6-476d-4b80-b2a5-fc689faf9793,13.36608,48.58986,OMV,94036
98fab984-780d-4b68-a660-efdec5264e9d,9.031812,53.05335,TOTAL,28876
99820b70-3b17-4fe7-80ef-5de2fe19619f,10.756037,54.06804,Shell,23730
998a6b7c-d1c9-4b3e-9c02-ac7196e5e9cb,11.448951,52.184845,TOTAL,39343
9cab2093-fb47-47b3-9d3e-d6c8cad95bbb,11.888473,49.091007,TOTAL,93164
9f1a3670-e6d6-48df-8c6c-3669e03a31a1,11.938508,51.03978,TOTAL,06721
a13a2fb4-2eeb-47a9-8260-a54f03ff5a84,14.3319874,51.1994858,ARAL,02625
a2c0f585-ec07-4cd1-ad56-35c718eef3ed,10.2457355,49.7804951,ESSO,97355
a2d8f73d-4715-4618-a7fe-3eb4847f04f4,11.905459,47.828818,Shell,83737
a3c05496-1f6d-4d4a-a122-8cf4b464a0c1,9.18037,52.9995,TOTAL,27299
a4810f7d-b02f-4a48-9c38-11925f6af108,12.306864,52.249972,Shell,14793
a5022d55-ddb0-4873-b8f8-7b04f6a7f443,8.569126,49.1610031,ARAL,76694
a5e64fcf-f3e9-44ca-ac0d-2224a6ef4a3b,8.4264115,52.9148366,ESSO,27801
a7281268-8ea5-41de-8394-6857092a10be,7.8247232,49.924244,TOTAL,55444
a74aefec-619f-46a9-b808-de650b4c93b4,9.265634,49.04678,TOTAL,74360
a88abd9e-0d65-4a5d-944e-4de4ab4af170,13.689895,52.542895,Shell,15366
a88fd931-eb11-43c5-8d34-0fa3dce692f8,10.728559,49.732097,Shell,96193
a936acb2-9cd5-4662-a38a-987a8bb266d8,8.9953493,50.2495495,ESSO,63546
a9f7baef-80a8-4faa-bf8b-5d3b47082268,6.747369,51.635392,Shell,46569
aa947d14-2370-4464-a6d0-1470d3cc87db,0.0,0.0,OMV,74632
aad53218-26b0-4eba-a7bf-585634edd6f5,11.7585707,53.9107857,ARAL,23992
ab32ef68-d8b4-4424-8466-4ab89198c3dc,12.079958,54.1684227,ARAL,18119
abfd8040-d939-45c8-8cc8-7a3f64d553b0,8.130441,48.752794,ESSO,76532
aca9c6d4-5272-490a-bfd2-80b5c6fd6ff9,12.062656,54.131508,TOTAL,18107
ad8e7eb0-7362-4689-8ebe-288c9d87dc1e,9.876902,51.494878,ESSO,37124
ae0ad8e8-f7e0-45c3-9e8e-d689364a9790,11.002243,49.31136,ARAL,91126
aef80359-bbe1-4689-8bd8-173eb89c5cf8,6.775256,50.929308,Shell,50226
b01a445a-497d-6f19-e100-00000630df04,13.019736,52.302489,Agip,14552
b0b5e7ac-06c1-4fa3-9625-c7e4e03b1074,8.502274,53.055625,Shell,27777
b3f3445a-f88d-5819-e100-00000630df04,6.9669,49.209271,Agip,66117
b5a23cae-7eaf-4b4d-ae4e-88e57832eaa1,11.757973,48.1245,TOTAL,85622
b6b9ae7f-181d-4a35-8da1-1b25ec437d18,7.225661,50.265002,ESSO,56729
b729a736-1d66-499e-9874-d1badd3ff52a,9.419553,51.2237663,ARAL,34295
b8d96d32-ba4e-4d6d-b14f-fb5c1b3b9179,8.572818,49.526547,Shell,68519
b94a09d4-4013-4d13-a4d0-4a6cbca9fb12,9.047446,50.04739,Shell,63755
ba3c3f57-2bb9-492b-bec8-b0c699c50614,9.930867,54.093498,Shell,24537
baa62803-67fc-4e4d-aaa6-b21851d44244,11.078711,52.215668,ESSO,39365
bc12e6ec-2ad3-40e2-907c-f7f68a5e4192,8.07802,50.394706,Shell,65549
bd0ff471-5ba3-4897-b11c-83e24adb8430,10.0254412,53.4849739,ESSO,21109
be222b7f-78a1-4d04-9ac6-2a5525cc5a0a,9.4130445,49.3258379,ESSO,74259
be4045b6-e5de-4770-a692-650fa590e26c,11.607548,48.337919,Shell,85376
bf178dbd-0da0-4412-a665-9a9362646ed2,8.554677,49.148198,ESSO,76689
bf616406-bded-4324-950b-a6f547a4576a,9.640956,49.206508,ESSO,74632
c2364ae7-4e66-433e-920d-422761506117,10.84657,48.05963,OMV,86899
c3fc317b-f70b-49b7-9b65-481040cf4d73,11.60252,49.27042,OMV,92355
c4858c07-514e-489d-ad68-f92b5005e48d,8.905079,48.615486,Shell,71154
c5e60613-527f-485d-9ba2-8998159562eb,12.704279,51.261206,Shell,04668
c6cd2ec4-fcc8-41ed-bcaf-096eb08d9101,7.5955659,51.4687975,ESSO,44289
c7270450-4209-4af0-a1a2-ef74f20829d1,13.9190407,51.5577278,TOTAL,01994
c7532d9b-238f-4543-8557-d090bd682edf,10.359891,52.340438,Shell,38176
c8317587-beb3-4157-92cb-471857c2955a,10.0264511,53.4839249,ARAL,21109
c971250e-193c-432d-804c-2cfb177b2e8e,12.3051491,50.86147,AVIA,04626
c9ff5ad0-eab2-4444-b0a1-20e3a9536e29,6.9676111,49.2084854,ESSO,66117
cd0ea240-525b-4f83-b23d-9b1b5a976dff,8.6092313,49.9474862,ESSO,64331
cd8b8686-0fc8-1ed7-8dea-bfbbd7b704a0,10.50425908,53.82302012,JET,23858
cd8b8686-bb07-1ed4-b39e-21547c058dec,9.292352,53.193269,JET,27404
cda1a80b-992d-4b02-a23c-60d46753b33f,12.063954,54.13232,AVIA,18107
ceffecbd-b742-418c-a189-9c79fb2aa623,6.797595,51.123448,Shell,41542
cfc7880b-03f4-42d0-9dc4-28d4cf379693,12.70483,48.931748,Agip,94336
d2adf2c5-661d-4011-8378-81f77d2ed670,13.3659382,48.5875778,ARAL,94036
d380bdf8-3f18-4c34-af2b-39e38e3cd5cb,9.262472,49.04301,TOTAL,74360
d39e26c7-b592-4b30-975d-5df1eb2d8767,8.553434,49.64259,TOTAL,64653
d5db3a39-6080-4c5a-a5f5-0d3bcb54e94b,10.34902,50.42136,OMV,97638
d702c4e5-b923-4dc4-997a-6704bc144aad,9.881093,50.2651367,ESSO,97795
d7ce116e-05ee-4c19-80de-b62a126bcfa8,11.843394,50.907382,Shell,07639
d812b37e-96f4-4504-b60b-c1be308de262,10.2103615,49.48522,TOTAL,91620
d8f8c934-1b31-4f85-9041-06f07025b7dd,9.962937,53.424393,TOTAL,21077
da064c12-0acd-40f2-a3e5-c6ad2b368ce3,9.728944,49.628392,Shell,97947
da0ac545-d792-5b16-9272-5ad890f4c607,11.62749958038,53.38079833984,Hoyer,19306
dc2aad4b-2dea-4352-b6c7-dd38b655de9b,9.30834,49.14416,EDi,74189
de7f4315-70e4-4d9a-9ba3-01ffb110f34b,10.0169181,49.9429702,ESSO,97262
df8e1459-867f-460a-bebb-9d7d044c2d58,14.388866,52.321306,Shell,15236
e188eed1-d31e-43fd-9eee-4827555e5d70,8.34012,49.41171,TOTAL,67125
e195458d-7e2e-4427-80ee-b9b5f50dcf41,8.113946,52.536827,Shell,49451
e206b45d-af53-467c-98a8-d7534ff29f6d,8.990496,50.646052,ESSO,35325
e32ecc63-3bdf-4fbd-9045-8d95d37e4a31,7.2265738,50.267418,ESSO,56729
e3afe9aa-5d1a-4661-8c18-ebdeb230131c,10.45632,48.28845,Freie,86470
e4d41ed0-dd62-467f-9ec0-606645b410e6,10.723879,49.73078,ESSO,96193
e5054b53-e120-4dc6-9e70-c73aad796217,8.601317,50.155424,Shell,65760
e5c7596b-2bfd-4b44-a61b-eca1e8431ab0,12.186959,51.608163,,06794
e5cff162-464d-4d7e-80a2-137e08dc2c82,12.17543,47.80201,TOTAL,83101
e705ef30-f547-4dd3-80dd-f22f40853ffc,8.64384,52.12886,T (Supermarkt TS),32051
e9d801c8-3231-40aa-9b35-3df6ced45dee,11.33653,49.04633,Shell,91171
ec98729d-e005-46db-87ab-b45b7001ba60,10.177321,48.583195,Shell,89537
ecf2a5ac-ef81-4617-af89-f52668c4334b,7.228024,51.158835,Shell,42859
ed685183-b360-4388-9c1f-672b5f7c8c5f,9.534472,53.300445,Shell,27419
efe25e49-6a18-4961-8cf2-43462926a37f,9.689094,52.67381,ARAL,29690
f15f51a6-61ea-4f9c-9006-9a26b374ed5d,12.2912493,53.84004,ARAL,18276
f193221d-3d5f-4a52-a929-597780f8e043,12.185231,50.467165,Shell,08527
f1a4108e-d192-482e-a79a-60f49a4e0051,10.970553,49.308201,Shell,91126
f2031294-3b19-4a80-ad53-c271ef44d002,9.532333,53.298511,ESSO,27419
f2ef6fe5-9589-4b4e-8792-71f8b62f27c7,6.199381,51.652959,Shell,47652
f31233af-1dbe-4835-aaac-ea6745ae4854,10.252755,51.007477,Shell,99819
f417765a-5c13-4834-a4fe-8fb0c3ad41eb,11.817275,51.656722,Shell,06420
f5636a4a-bb4d-47a5-a8d8-5cabfcc17eea,9.420125,51.22304,ARAL,34295
f741f52b-7761-4035-9e65-d7b033fbcb99,7.152908,51.475983,Shell,44866
f83188ab-d3c1-4925-8e29-db1232cb73d7,12.138228,51.290339,ESSO,06231
f91f0ed8-798e-404c-b1c9-5b40577ab56a,6.8818545,50.069233,TOTAL,54533
f9a1e34f-2da3-47d6-a526-f48f6aa0454f,6.961083,51.1589851,ARAL,42697
fa1fa62d-2241-4fb9-a395-e4355655d248,9.24886,51.38209,ARAL,34289
fabd8dc8-1c77-4922-86d4-242c6b783553,6.600446,51.124448,Shell,41516
fbcc7bce-995e-4d67-bdc5-622b3a47da42,11.193944,50.948154,TOTAL,99198
fbeb2ee6-52e3-43f2-a524-5202d3404d19,7.880024,52.232186,ESSO,49545
fbfb288d-6f9a-4619-9240-7aa5a26664f7,6.6041455,51.129948,TOTAL,41516
fd444322-8e8e-4875-ad34-c330f2064fea,10.17725,48.58504,OMV,89537
fdb9f43a-71fe-4e44-aad2-ff402faf43a8,8.577806,49.810647,Shell,64319
feee7ce1-d0c0-4886-8807-f47d6d30c64e,10.252676,51.007327,Shell,99819
ff719585-52e4-40f3-a217-2e1b5a5c5633,8.15341,49.269738,Shell,67483
fff05f62-7e1e-42e4-8d71-6e2c9c963a8b,8.983397,51.49949,TOTAL,34474
0f6dcc2d-657a-41b2-8a1e-0db919c1e73a,11.401749,47.927488,Agip,82335
2957a01b-ba44-410b-809d-345e6a49d09f,7.17539,51.772094,Shell,45721
30b4a1d1-1c63-43d8-ac08-2882abf72efa,8.881664,49.243438,Shell,74889
3c05445a-f88d-5819-e100-00000630df04,12.659351,52.950664,Agip,16818
4f25255e-9624-42e0-a190-3c680abd4108,13.4937134,52.3156242,ARAL,15749
7f93c8f5-3ec5-4840-a7ac-6cffe43492d3,11.68646,49.42363,OMV,92278
b423cdc5-92c9-438e-8e71-027b1f828383,10.1093,48.1274,AVIA,88451
c591f5cd-e915-44f0-bfe7-1e91862c5cb7,11.954469,51.108397,Shell,06721
c92d2337-0e2d-4c67-a793-7910c781482c,12.5894661,47.8278983,ESSO,83346
e1aa97b1-a7e8-47fc-abd0-2223b91e0b9f,11.6920586,49.4240637,ESSO,92278
f5edfabe-c739-45eb-bab2-3d1ec69ad499,13.4983187,52.3184547,ARAL,15749
f9d700e7-c51d-414f-936e-bcb71524e860,7.59564,51.46875,Westfalen,44289
0a81eaca-da7c-4d60-9f03-9d481bc2157b,13.928893,51.5692,TOTAL,01994
00730ad9-7f60-4470-868f-c5b1ee764a6d,9.178167,53.090508,TOTAL,27367
08e6ebbe-ff02-4055-b916-07576c3aa993,10.28341,47.84671,Agip,87463
315742b8-57b5-4e31-9e41-e4ba6c2ba13d,10.214047,49.484997,TOTAL,91620
d14012cd-a59f-4f67-b692-a111c1863f91,8.9948772,50.2510563,Agip,63546
cfd51514-e059-4cd8-bfd3-00581b698cd7,6.9673204,49.208366,TOTAL,66117
4d3b15eb-ae2f-4fea-bbfb-9871d762b7c3,10.926747,49.582601,Shell,91074
e5402b1e-5795-4b3c-ad8b-e6c3f0a0b178,10.1783644,48.5836195,Agip,89537
88cb09bf-28cb-42d9-9394-be35778fcf81,6.804698,50.858301,Shell,50354
fea7a9cb-9417-4487-be8f-c0d662351cf6,8.90627,48.61512,OMV,71154
aaedc1f8-83a5-455c-92d3-b59b0c03892c,11.757973,48.124502,Shell,85622
4c7a0492-e7cc-44b6-ac9c-b4b748cde259,13.014763,52.302624,TOTAL,14552
0db0fa9a-495c-4324-abb7-7297660b2f26,7.765017,49.964681,Shell,55442
49071e9e-0fb4-4e14-88c7-ef6fa10206e5,7.586262,50.546771,Shell,56307
606cdd87-2739-4247-bc44-c617bca20c1a,11.691599,49.424262,Agip,92278
fdbc3d98-2733-4fd9-b975-e3f7ee88a658,10.020776,49.946663,Agip,97262
a6eb507f-027a-4086-b0be-877d59e02f63,11.8174617,51.6565159,Agip,06420
aaaf3ab6-2aa6-4252-9cfb-0c79521974b2,9.180315,52.999166,Shell,27299
ec2c1b53-8abb-4862-bc72-6bd7c10de606,12.664295,52.9492,TOTAL,16818
6c6c6552-e8e1-41dc-9472-ab9e5696f55f,8.62513,48.205814,Shell,78661
7b770c4a-cd15-4867-8f61-80f488ec58b3,10.19385,48.984245,TOTAL,73479
f19f6aec-ab83-4c6e-93c3-9b68329e3f6a,11.61124,48.33577,OMV,85376
f1f981ba-af61-42f1-977c-e80a7bd52216,13.020796,52.30201,TOTAL,14552
ed7b8078-ec21-478f-8a22-3bd2b1850b7b,9.395631,49.89636,Shell,63879
b5e69ef5-0ba1-4446-8ea7-0a23a3ad88e2,8.153572,49.27009,TOTAL,67483
96bb2d26-89dc-47e5-9fd0-ad679e7093af,9.630822,48.607335,Shell,73344
09a50f8a-0132-412a-aeee-6c3a7ef04963,13.920292,51.558598,TOTAL,01994
d435f78b-c85e-4c0e-a454-57e9df0d8e99,9.876773,51.487673,Shell,37124
355ec803-88ff-4e72-bd5d-7f16d67ff7a4,7.2266316,50.26744,TOTAL,56729
dd7d3804-b8e5-483f-92dc-09b8c7dac64f,8.13325,51.54862,Shell,59494
ec923f5f-829f-4037-a1e7-039a39b9ab50,8.55178,49.6439,TOTAL,64653
966eec90-b287-4fcd-a8c1-0fb51f0cfd03,10.020864,49.946537,Shell,97262
4af82b1f-9b72-423b-ab79-151cc52cd25c,10.9127779,48.4120522,TOTAL,86169
ba092529-7428-412f-a555-9b90d5fb196d,11.602519,49.270383,Shell,92355
bf6a6d24-197c-43f3-8aa2-781b5facbeeb,10.051298,52.127569,Shell,31174
4355b4dc-f4ad-4d85-bb5e-4746c388c52d,10.245695,49.780434,TOTAL,97355
b842dee5-8577-4505-a1c5-5d0c40aa7a25,12.593629413041,47.82784226111,Agip,83346
d4f173bf-f2f8-4f50-9de7-703fb28bd4c4,8.578425,49.813971,Shell,64319
efe9dd44-213b-4546-bb78-c8e432e0b371,9.864864,52.340374,Agip,30539
c67bf0d0-fcab-4b22-bc35-ba9da8a2edae,13.279815263678,52.502090939986,Agip,14055
b70758ac-fbad-4c8e-9a5b-227f5787eacc,12.18453,51.608162,TOTAL,06794
aa61ffd5-52cd-415e-b4d9-12ac5d8a7f08,12.309428,52.250849,,14793
2cb609f7-cfaa-4d5e-92ad-77b593091dab,11.5107183,49.7496452,TOTAL,91257
979077ab-76ed-4dd6-834a-bbd2e70dadbf,13.6893015,52.543564,TOTAL,15345
384e96b6-c128-4e64-bdff-183695f038d3,7.860909,51.532503,Shell,59457
83242936-0c9e-420d-a67c-9dddf8424d95,8.895214,50.622691,ESSO,35305
ef71bc50-b1f6-4fc6-ac96-6340c71c9bb9,8.087401443424,49.529577663183,Agip,67319
2dc29f61-6d09-4894-9dbe-59ad471ee43d,8.610976,49.945498,Shell,64331
49707529-8f42-4d71-9ea8-3398463d3e16,9.223103,52.223577,ESSO,31749
7e6bc975-70fb-4802-9e3a-1e8057f6f2f7,12.704975,48.93167,Shell,94336
805325e6-2418-406f-9732-bf7ce2777a60,6.7494097,49.29982,TOTAL,66740
10cd6643-b688-457f-94ed-e1e8b184a2cc,8.449894,50.057478,ESSO,65439
bf01655f-fc7b-4273-a38b-27179efe1364,8.6305951,49.3508788,ESSO,69207
e16b3f4b-2c55-4e89-a3b8-472de6c7933c,11.4249592,51.43497,ARAL,06542
fc8253ca-5877-4948-a82f-1db0285a76fa,12.3140316,50.85621,TOTAL,04626
7de6be4c-a28a-477b-b1d0-b80d6338bca3,9.966616,53.42384,TOTAL,21077
2503bd33-7dbb-4546-b46b-0c8b84ff20d6,8.361917,50.6213,Shell,35630
321801fc-3043-46e4-bf7f-0df8c3a022cb,8.609284,49.94705,TOTAL,64331
85327abe-829d-4399-88fd-370207bc2516,8.569001,49.16089,Shell,76694
c729f397-a0dc-43dc-bdff-b78b27a538a1,6.9671597,49.20907,TOTAL,66117
e498d77d-1d65-4ee2-b121-9520f642a236,12.305465,52.249725,TOTAL,14793
d00749f1-129b-4cdd-9bdb-776de6de9ac4,13.19163,52.43451,Agip,14129
597ad952-0243-4d39-84a3-30ff0c5569f1,9.413242,49.325837,Shell,74259
90548eae-fb84-47fb-b0a0-b059fbce4c13,10.84672,48.06085,Agip,86899
eb31c0b1-b2ab-4b54-a446-90867437282e,12.657499,52.9528,TOTAL,16818
289ee3ad-70a4-4461-8bb2-e21b13a34796,7.176729,51.77083,TOTAL,45721
80cd3b74-3879-4996-9fdb-b6e307eb4510,9.638038,49.205668,Shell,74632
8ae394b5-d2dd-423d-ad2c-c37ff41326a8,12.129135,50.433915,Shell,08606
549becc5-6029-475e-b64b-45cf872691e4,7.175099,51.771797,TOTAL,45721
ec2215ca-4798-43fd-8c88-74862f85a4db,12.185646,51.606403,TOTAL,06794
4b590e1a-c4e3-40cd-a1c9-a3b4ce6fd25e,11.599541,49.2724,TOTAL,92355
0e1d1fc8-6e30-47c8-8a15-c52b81eac80d,8.608754,49.5424957,ARAL,68519
2ec39fe2-77ab-47e4-bdc2-e45a0735a4b2,13.013485,52.3025627,TOTAL,14552
1a979ae9-5188-4b99-917f-46dc18d205da,9.487915,51.034534,Shell,34593
3842c9dd-3482-4c77-9b88-804c3964fb19,10.322486,53.692476,ESSO,22965
3ab08783-d26f-4f4e-9f48-f39ed45a33e6,8.153408,49.269754,Shell,67483
3e099e61-ceb7-4626-9153-4847e6e91218,7.220442,50.808155,Shell,53721
3f17457a-d829-4482-a5e5-da4728e162ad,9.633299,51.371033,TOTAL,34355
482ed2fa-8f25-48d7-8319-62d78bb80dad,13.2439444,52.6404877,Agip,16540
44531d7a-4f95-49ed-8127-7e010faa126b,14.328277,51.198629,Shell,02625
5398fc97-d368-4dd2-801b-7282cbfedba8,10.851826,53.511218,ESSO,19246
54c1f45f-8028-4c9b-ac8a-e58c889c5ed3,12.230079,50.873195,ESSO,04626
76bfbb66-99c3-491d-b3e3-043565cfaff2,7.592319,47.90826,ARAL,79258
790b2290-1494-46f4-9416-8e631ac07cea,8.631933,49.349197,ESSO,69207
829ca312-aa11-4735-a39f-927661372050,7.810907,48.0500031,ESSO,79108
8b03f10e-8d8f-4f72-a26e-ab1006760abe,10.7561245,54.06802,AVIA,23730
ac9c56d2-69df-4cdc-9697-55563f73a6f9,10.2810213,47.8492981,ESSO,87463
c2e66726-f71c-491e-91b5-5390e76f374a,14.383943,52.320163,Shell,15236
c9ac1f77-f401-4437-9211-d9446d291f4f,10.359544,52.340543,Shell,38176
cfa4e8fc-6e76-42d3-8dea-f964edfefe13,9.865311,52.340283,Shell,30539
d43897fd-b1d3-4263-b470-d38bb7d81e28,11.510718,49.749645,TOTAL,91257
e1a15081-2503-9107-e040-0b0a3dfe563c,8.784739,47.86284,TAMOIL,78234
e4e8bcc9-204e-4844-9e2b-88a69c2aad14,10.212878,48.438855,ESSO,89340
e9b9b8b5-2884-4d6c-8994-12b0140c5ec6,8.567403,49.321806,Shell,68766
